Workbook

Sheet Instrucciones
A1: PLANTILLA DE BÚSQUEDA Y CRIBADO — RSL v2 (Grupo 4)
A3: Cómo usarla
A4: 1. Hoja «Busqueda»: una fila por base. Anotar fecha de ejecución y número de resultados tal como los da la base.
A5: 2. Hoja «Cribado_TA» (título y resumen): pegar TODOS los registros únicos (después de quitar duplicados en Parsif.al). Columnas A–E.
A6: - Cada revisor llena SOLO su columna (R1 o R2) con Incluir / Excluir, SIN mirar la del otro. Lo ideal: cada uno trabaja en una copia del archivo y luego se pegan las dos columnas aquí.
A7: - La columna «Acuerdo» se calcula sola. Donde diga NO, se discute y se escribe la «Decisión final» (si no hay acuerdo, decide el tercer revisor).
A8: 3. Hoja «Cribado_TC» (texto completo): pegar solo los registros con Decisión final = Incluir en la etapa anterior.
A9: - Si un revisor excluye, debe elegir el criterio (CE-2…CE-6, CI-6). La decisión final de exclusión también lleva su criterio.
A10: - Si no consiguen el PDF, marcar «No recuperado» en la columna correspondiente.
A11: 4. Hoja «Calidad»: los dos revisores puntúan por separado cada ítem QA1–QA8 (1 / 0.5 / 0) de los estudios incluidos.
A12: - Punto de partida: la hoja «Calidad» de suplementos/matriz_extraccion.xlsx (puntajes propuestos con su evidencia).
A13: 5. Hoja «Kappa» y hoja «PRISMA»: se calculan solas. Los valores de «PRISMA» van a manuscrito/datos_busqueda.tex con el nombre de macro indicado.
... A19: • Este archivo es binario: en Git, que lo edite UNA persona a la vez (avisar en el grupo antes de modificarlo).

Sheet Busqueda
A1: Base | B1: Fecha de ejecución (dd/mm/aaaa) | C1: Consulta(s) usada(s) (ver cadenas_busqueda.txt) | D1: N.º de resultados | E1: Exportado a Parsif.al (Sí/No) | F1: Responsable | G1: Observaciones (captura, problemas, etc.) | H1: Macro en datos_busqueda.tex
A2: Scopus | C2: Scopus (búsqueda avanzada) | H2: \NScopus / \FScopus
A3: Web of Science | C3: TS=(...) | H3: \NWoS / \FWoS
A4: IEEE Xplore | C4: Consulta 1 + Consulta 2 (sumar) | H4: \NIEEE / \FIEEE
A5: ScienceDirect | C5: Consultas 1, 2 y 3 (sumar) | H5: \NScienceDirect / \FScienceDirect
A6: ACM Digital Library | C6: Campo Abstract | H6: \NACM / \FACM
A7: TOTAL | D7: =SUM(D2:D6) | H7: \Pidentificados

Sheet Cribado_TA
A1: ID registro | B1: Título | C1: Año | D1: Base(s) | E1: DOI | F1: R1 (Incluir/Excluir) | G1: R2 (Incluir/Excluir) | H1: Acuerdo | I1: Decisión final | J1: Comentario / motivo
H2: =IF(OR(F2="",G2=""),"",IF(F2=G2,"SÍ","NO"))
H3: =IF(OR(F3="",G3=""),"",IF(F3=G3,"SÍ","NO"))
H4: =IF(OR(F4="",G4=""),"",IF(F4=G4,"SÍ","NO"))
H5: =IF(OR(F5="",G5=""),"",IF(F5=G5,"SÍ","NO"))
H6: =IF(OR(F6="",G6=""),"",IF(F6=G6,"SÍ","NO"))
H7: =IF(OR(F7="",G7=""),"",IF(F7=G7,"SÍ","NO"))
H8: =IF(OR(F8="",G8=""),"",IF(F8=G8,"SÍ","NO"))
H9: =IF(OR(F9="",G9=""),"",IF(F9=G9,"SÍ","NO"))
H10: =IF(OR(F10="",G10=""),"",IF(F10=G10,"SÍ","NO"))
H11: =IF(OR(F11="",G11=""),"",IF(F11=G11,"SÍ","NO"))
H12: =IF(OR(F12="",G12=""),"",IF(F12=G12,"SÍ","NO"))
H13: =IF(OR(F13="",G13=""),"",IF(F13=G13,"SÍ","NO"))
... H1501: =IF(OR(F1501="",G1501=""),"",IF(F1501=G1501,"SÍ","NO"))

Sheet Cribado_TC
A1: ID registro | B1: Título | C1: Año | D1: DOI | E1: Texto completo recuperado (Sí/No recuperado) | F1: R1 (Incluir/Excluir) | G1: R1 criterio si excluye | H1: R2 (Incluir/Excluir) | I1: R2 criterio si excluye | J1: Acuerdo | K1: Decisión final | L1: Criterio final (si excluye) | M1: Comentario / justificación
J2: =IF(OR(F2="",H2=""),"",IF(F2=H2,"SÍ","NO"))
J3: =IF(OR(F3="",H3=""),"",IF(F3=H3,"SÍ","NO"))
J4: =IF(OR(F4="",H4=""),"",IF(F4=H4,"SÍ","NO"))
J5: =IF(OR(F5="",H5=""),"",IF(F5=H5,"SÍ","NO"))
J6: =IF(OR(F6="",H6=""),"",IF(F6=H6,"SÍ","NO"))
J7: =IF(OR(F7="",H7=""),"",IF(F7=H7,"SÍ","NO"))
J8: =IF(OR(F8="",H8=""),"",IF(F8=H8,"SÍ","NO"))
J9: =IF(OR(F9="",H9=""),"",IF(F9=H9,"SÍ","NO"))
J10: =IF(OR(F10="",H10=""),"",IF(F10=H10,"SÍ","NO"))
J11: =IF(OR(F11="",H11=""),"",IF(F11=H11,"SÍ","NO"))
J12: =IF(OR(F12="",H12=""),"",IF(F12=H12,"SÍ","NO"))
J13: =IF(OR(F13="",H13=""),"",IF(F13=H13,"SÍ","NO"))
... J1501: =IF(OR(F1501="",H1501=""),"",IF(F1501=H1501,"SÍ","NO"))

Sheet Calidad
A1: ID estudio | B1: QA1 R1 | C1: QA2 R1 | D1: QA3 R1 | E1: QA4 R1 | F1: QA5 R1 | G1: QA6 R1 | H1: QA7 R1 | I1: QA8 R1 | J1: QA1 R2 | K1: QA2 R2 | L1: QA3 R2 | M1: QA4 R2 | N1: QA5 R2 | O1: QA6 R2 | P1: QA7 R2 | Q1: QA8 R2 | R1: Total R1 | S1: Total R2 | T1: Ítems en desacuerdo | U1: QA1 consenso | V1: QA2 consenso | W1: QA3 consenso | X1: QA4 consenso | Y1: QA5 consenso | Z1: QA6 consenso | AA1: QA7 consenso | AB1: QA8 consenso | AC1: Total consenso
A2: S01 | R2: =IF(COUNT(B2:I2)=8,SUM(B2:I2),"") | S2: =IF(COUNT(J2:Q2)=8,SUM(J2:Q2),"") | T2: =IF(COUNT(B2:Q2)<16,"",SUMPRODUCT(--(B2:I2<>J2:Q2))) | AC2: =IF(COUNT(U2:AB2)=8,SUM(U2:AB2),"")
A3: S02 | R3: =IF(COUNT(B3:I3)=8,SUM(B3:I3),"") | S3: =IF(COUNT(J3:Q3)=8,SUM(J3:Q3),"") | T3: =IF(COUNT(B3:Q3)<16,"",SUMPRODUCT(--(B3:I3<>J3:Q3))) | AC3: =IF(COUNT(U3:AB3)=8,SUM(U3:AB3),"")
A4: S03 | R4: =IF(COUNT(B4:I4)=8,SUM(B4:I4),"") | S4: =IF(COUNT(J4:Q4)=8,SUM(J4:Q4),"") | T4: =IF(COUNT(B4:Q4)<16,"",SUMPRODUCT(--(B4:I4<>J4:Q4))) | AC4: =IF(COUNT(U4:AB4)=8,SUM(U4:AB4),"")
A5: S04 | R5: =IF(COUNT(B5:I5)=8,SUM(B5:I5),"") | S5: =IF(COUNT(J5:Q5)=8,SUM(J5:Q5),"") | T5: =IF(COUNT(B5:Q5)<16,"",SUMPRODUCT(--(B5:I5<>J5:Q5))) | AC5: =IF(COUNT(U5:AB5)=8,SUM(U5:AB5),"")
A6: S05 | R6: =IF(COUNT(B6:I6)=8,SUM(B6:I6),"") | S6: =IF(COUNT(J6:Q6)=8,SUM(J6:Q6),"") | T6: =IF(COUNT(B6:Q6)<16,"",SUMPRODUCT(--(B6:I6<>J6:Q6))) | AC6: =IF(COUNT(U6:AB6)=8,SUM(U6:AB6),"")
A7: S06 | R7: =IF(COUNT(B7:I7)=8,SUM(B7:I7),"") | S7: =IF(COUNT(J7:Q7)=8,SUM(J7:Q7),"") | T7: =IF(COUNT(B7:Q7)<16,"",SUMPRODUCT(--(B7:I7<>J7:Q7))) | AC7: =IF(COUNT(U7:AB7)=8,SUM(U7:AB7),"")
A8: S07 | R8: =IF(COUNT(B8:I8)=8,SUM(B8:I8),"") | S8: =IF(COUNT(J8:Q8)=8,SUM(J8:Q8),"") | T8: =IF(COUNT(B8:Q8)<16,"",SUMPRODUCT(--(B8:I8<>J8:Q8))) | AC8: =IF(COUNT(U8:AB8)=8,SUM(U8:AB8),"")
A9: S08 | R9: =IF(COUNT(B9:I9)=8,SUM(B9:I9),"") | S9: =IF(COUNT(J9:Q9)=8,SUM(J9:Q9),"") | T9: =IF(COUNT(B9:Q9)<16,"",SUMPRODUCT(--(B9:I9<>J9:Q9))) | AC9: =IF(COUNT(U9:AB9)=8,SUM(U9:AB9),"")
A10: S09 | R10: =IF(COUNT(B10:I10)=8,SUM(B10:I10),"") | S10: =IF(COUNT(J10:Q10)=8,SUM(J10:Q10),"") | T10: =IF(COUNT(B10:Q10)<16,"",SUMPRODUCT(--(B10:I10<>J10:Q10))) | AC10: =IF(COUNT(U10:AB10)=8,SUM(U10:AB10),"")
A11: S10 | R11: =IF(COUNT(B11:I11)=8,SUM(B11:I11),"") | S11: =IF(COUNT(J11:Q11)=8,SUM(J11:Q11),"") | T11: =IF(COUNT(B11:Q11)<16,"",SUMPRODUCT(--(B11:I11<>J11:Q11))) | AC11: =IF(COUNT(U11:AB11)=8,SUM(U11:AB11),"")
A12: S11 | R12: =IF(COUNT(B12:I12)=8,SUM(B12:I12),"") | S12: =IF(COUNT(J12:Q12)=8,SUM(J12:Q12),"") | T12: =IF(COUNT(B12:Q12)<16,"",SUMPRODUCT(--(B12:I12<>J12:Q12))) | AC12: =IF(COUNT(U12:AB12)=8,SUM(U12:AB12),"")
A13: S12 | R13: =IF(COUNT(B13:I13)=8,SUM(B13:I13),"") | S13: =IF(COUNT(J13:Q13)=8,SUM(J13:Q13),"") | T13: =IF(COUNT(B13:Q13)<16,"",SUMPRODUCT(--(B13:I13<>J13:Q13))) | AC13: =IF(COUNT(U13:AB13)=8,SUM(U13:AB13),"")
... A22: S21 | R22: =IF(COUNT(B22:I22)=8,SUM(B22:I22),"") | S22: =IF(COUNT(J22:Q22)=8,SUM(J22:Q22),"") | T22: =IF(COUNT(B22:Q22)<16,"",SUMPRODUCT(--(B22:I22<>J22:Q22))) | AC22: =IF(COUNT(U22:AB22)=8,SUM(U22:AB22),"")

Sheet Kappa
A1: Etapa 1: título y resumen
B2: R2 Incluir | C2: R2 Excluir
A3: R1 Incluir | B3: =COUNTIFS(Cribado_TA!F2:F1501,"Incluir",Cribado_TA!G2:G1501,"Incluir") | C3: =COUNTIFS(Cribado_TA!F2:F1501,"Incluir",Cribado_TA!G2:G1501,"Excluir")
A4: R1 Excluir | B4: =COUNTIFS(Cribado_TA!F2:F1501,"Excluir",Cribado_TA!G2:G1501,"Incluir") | C4: =COUNTIFS(Cribado_TA!F2:F1501,"Excluir",Cribado_TA!G2:G1501,"Excluir")
A5: Registros evaluados por ambos (n) | B5: =(B3+C3+B4+C4)
A6: Acuerdo observado (po) | B6: =IF((B3+C3+B4+C4)=0,"",(B3+C4)/(B3+C3+B4+C4))
A7: Acuerdo esperado por azar (pe) | B7: =IF((B3+C3+B4+C4)=0,"",((B3+C3)*(B3+B4)+(B4+C4)*(C3+C4))/(B3+C3+B4+C4)^2)
A8: KAPPA DE COHEN → \KappaTA | B8: =IF(OR(B6="",B7=1),"",ROUND((B6-B7)/(1-B7),2)) | C8: =IF(B8="","",IF(B8>0.8,"muy bueno",IF(B8>0.6,"bueno",IF(B8>0.4,"moderado",IF(B8>0.2,"débil","pobre")))))
A10: Etapa 2: texto completo
B11: R2 Incluir | C11: R2 Excluir
A12: R1 Incluir | B12: =COUNTIFS(Cribado_TC!F2:F1501,"Incluir",Cribado_TC!H2:H1501,"Incluir") | C12: =COUNTIFS(Cribado_TC!F2:F1501,"Incluir",Cribado_TC!H2:H1501,"Excluir")
A13: R1 Excluir | B13: =COUNTIFS(Cribado_TC!F2:F1501,"Excluir",Cribado_TC!H2:H1501,"Incluir") | C13: =COUNTIFS(Cribado_TC!F2:F1501,"Excluir",Cribado_TC!H2:H1501,"Excluir")
A14: Registros evaluados por ambos (n) | B14: =(B12+C12+B13+C13)
A15: Acuerdo observado (po) | B15: =IF((B12+C12+B13+C13)=0,"",(B12+C13)/(B12+C12+B13+C13))
A16: Acuerdo esperado por azar (pe) | B16: =IF((B12+C12+B13+C13)=0,"",((B12+C12)*(B12+B13)+(B13+C13)*(C12+C13))/(B12+C12+B13+C13)^2)
A17: KAPPA DE COHEN → \KappaTC | B17: =IF(OR(B15="",B16=1),"",ROUND((B15-B16)/(1-B16),2)) | C17: =IF(B17="","",IF(B17>0.8,"muy bueno",IF(B17>0.6,"bueno",IF(B17>0.4,"moderado",IF(B17>0.2,"débil","pobre")))))
A19: Evaluación de calidad (QA1–QA8, 3 categorías)
A20: Categoría | B20: Total R1 | C20: Total R2 | D20: Acuerdos
A21: 1 | B21: =COUNTIF(Calidad!B2:I22,A21) | C21: =COUNTIF(Calidad!J2:Q22,A21) | D21: =SUMPRODUCT((Calidad!B2:I22=A21)*(Calidad!J2:Q22=A21))
A22: 0.5 | B22: =COUNTIF(Calidad!B2:I22,A22) | C22: =COUNTIF(Calidad!J2:Q22,A22) | D22: =SUMPRODUCT((Calidad!B2:I22=A22)*(Calidad!J2:Q22=A22))
A23: 0 | B23: =COUNTIF(Calidad!B2:I22,A23) | C23: =COUNTIF(Calidad!J2:Q22,A23) | D23: =SUMPRODUCT((Calidad!B2:I22=A23)*(Calidad!J2:Q22=A23))
A24: Pares evaluados (n) | B24: =SUMPRODUCT(ISNUMBER(Calidad!B2:I22)*ISNUMBER(Calidad!J2:Q22))
A25: Acuerdo observado (po) | B25: =IF(B24=0,"",SUM(D21:D23)/B24)
A26: Acuerdo esperado (pe) | B26: =IF(B24=0,"",SUMPRODUCT(B21:B23,C21:C23)/B24^2)
A27: KAPPA DE COHEN → \KappaCalidad | B27: =IF(OR(B25="",B26=1),"",ROUND((B25-B26)/(1-B26),2))

Sheet PRISMA
A1: Casilla del diagrama PRISMA | B1: Valor | C1: Macro en datos_busqueda.tex | D1: Nota
A2: Registros identificados en bases | B2: =Busqueda!D7 | C2: \Pidentificados | D2: Suma de la hoja Busqueda
A3: Duplicados eliminados | B3: =B2-B4 | C3: \Pduplicados | D3: Identificados − cribados (o el número que da Parsif.al)
A4: Registros cribados (título y resumen) | B4: =COUNTA(Cribado_TA!A2:A1501) | C4: \Pcribados | D4: Filas con ID en Cribado_TA
A5: Excluidos en título y resumen | B5: =COUNTIF(Cribado_TA!I2:I1501,"Excluir") | C5: \PexclTA | D5: Decisión final = Excluir
A6: Informes buscados a texto completo | B6: =COUNTIF(Cribado_TA!I2:I1501,"Incluir") | C6: \Pbuscados | D6: Decisión final = Incluir
A7: Informes no recuperados | B7: =COUNTIF(Cribado_TC!E2:E1501,"No recuperado") | C7: \PnoRecuperados
A8: Informes evaluados para elegibilidad | B8: =COUNTIF(Cribado_TC!E2:E1501,"Sí") | C8: \Pevaluados
A9: Informes excluidos a texto completo | B9: =COUNTIF(Cribado_TC!K2:K1501,"Excluir") | C9: \PexclTC | D9: Debe coincidir con la suma de criterios
A10: CE-2 no es tráfico vehicular | B10: =COUNTIFS(Cribado_TC!K2:K1501,"Excluir",Cribado_TC!L2:L1501,"CE-2") | C10: \PexclCEdos
A11: CE-3 solo pronóstico/clasificación | B11: =COUNTIFS(Cribado_TC!K2:K1501,"Excluir",Cribado_TC!L2:L1501,"CE-3") | C11: \PexclCEtres
A12: CE-4 sin DL como método principal | B12: =COUNTIFS(Cribado_TC!K2:K1501,"Excluir",Cribado_TC!L2:L1501,"CE-4") | C12: \PexclCEcuatro
A13: CE-5 tipo de documento / preprint | B13: =COUNTIFS(Cribado_TC!K2:K1501,"Excluir",Cribado_TC!L2:L1501,"CE-5") | C13: \PexclCEcinco
A14: CI-6 sin evaluación de la detección | B14: =COUNTIFS(Cribado_TC!K2:K1501,"Excluir",Cribado_TC!L2:L1501,"CI-6") | C14: \PexclCIseis
A15: CE-6 información insuficiente | B15: =COUNTIFS(Cribado_TC!K2:K1501,"Excluir",Cribado_TC!L2:L1501,"CE-6") | C15: \PexclCEseis
A16: Incluidos desde las bases | B16: =COUNTIF(Cribado_TC!K2:K1501,"Incluir") | C16: — | D16: + 2 por «otros métodos» (S03, S14) si no salen en las bases
A17: CONTROL: suma de criterios = excluidos TC | B17: =IF(SUM(B10:B15)=B9,"OK","REVISAR") | C17: — | D17: Si dice REVISAR, falta el criterio en alguna exclusión
A19: Ojo: la casilla «Duplicados» asume que en Cribado_TA solo están los registros únicos.
